,positive records,positives with no symptom %,positives tested for contact with confirmed %,negatives with no symptom %
development (Mar-Apr),14694.0,35.97386688444263,49.73458554512046,84.86085043537122
temporal validation (May-Nov),206286.0,58.01944872652531,43.846892178819694,97.62007121096656
2020-05,941.0,58.44845908607864,59.82996811902231,97.02097670176603
2020-06,7869.0,53.85690684966323,55.381878256449355,97.33324353275476
2020-07,36965.0,50.68848911132152,51.194373055593125,97.31212986917446
2020-08,34134.0,47.39262905021386,53.796800843733514,97.43240545319719
2020-09,86699.0,67.39062734287593,33.499809686386236,97.97281585108894
2020-10,35125.0,54.51387900355872,48.84555160142349,97.84754404670164
2020-11,4553.0,52.91016911926203,44.827586206896555,97.99468701042163
