set,fpr,tpr,threshold
Internal test set,0.0,0.0,inf
Internal test set,0.00026922041459943847,0.06158557332425995,1.0
Internal test set,0.0002884504442136841,0.06532834297380061,0.9989583333333333
Internal test set,0.0002884504442136841,0.06771010547805376,0.9988913525498891
Internal test set,0.0003076804738279297,0.07043211976862879,0.9986996098829649
Internal test set,0.00034614053305642093,0.07859816264035387,0.9986522911051213
Internal test set,0.0003653705626706665,0.08234093228989452,0.9984520123839009
Internal test set,0.0003846005922849121,0.0843824430078258,0.9983552631578947
Internal test set,0.00042306065151340334,0.09152773052058523,0.9979892761394102
Internal test set,0.00042306065151340334,0.09322898945219463,0.9978448275862069
Internal test set,0.00044229068112764893,0.10071452875127594,0.9973498233215548
Internal test set,0.00044229068112764893,0.10377679482817284,0.9972826086956522
Internal test set,0.00044229068112764893,0.1092208234093229,0.9969558599695586
Internal test set,0.00044229068112764893,0.11024157876828854,0.9967845659163987
Internal test set,0.00048075074035614017,0.11194283769989792,0.9966777408637874
Internal test set,0.00048075074035614017,0.11874787342633548,0.9963235294117647
Internal test set,0.0005192107995846313,0.12589316093909492,0.9962546816479401
Internal test set,0.0005192107995846313,0.13201769309288874,0.9961089494163424
Internal test set,0.0005192107995846313,0.13303844845185436,0.996031746031746
Internal test set,0.0005384408291988769,0.13473970738346377,0.9959595959595959
Internal test set,0.0005384408291988769,0.13712146988771692,0.9959266802443992
Internal test set,0.0005384408291988769,0.13848247703300443,0.9958847736625515
Internal test set,0.0005384408291988769,0.13950323239197004,0.9958592132505176
Internal test set,0.0005384408291988769,0.14086423953725757,0.9957356076759062
Internal test set,0.0005576708588131225,0.14222524668254508,0.9954954954954955
Internal test set,0.0005576708588131225,0.14290575025518884,0.9953917050691244
Internal test set,0.0005769008884273682,0.14766927526369514,0.9952550415183867
Internal test set,0.0005961309180416138,0.14800952705001702,0.9947643979057592
Internal test set,0.0005961309180416138,0.14937053419530452,0.9945652173913043
Internal test set,0.0006153609476558594,0.1514120449132358,0.994475138121547
Internal test set,0.0006153609476558594,0.15277305205852332,0.9941176470588236
Internal test set,0.0006538210068843506,0.15821708063967335,0.9940968122786304
Internal test set,0.0006730510364985962,0.16264035386185777,0.9940915805022157
Internal test set,0.0006730510364985962,0.16366110922082341,0.9939759036144579
Internal test set,0.0006730510364985962,0.16604287172507656,0.993920972644377
Internal test set,0.0006730510364985962,0.1667233752977203,0.9938650306748467
Internal test set,0.0006730510364985962,0.16774413065668595,0.9937888198757764
Internal test set,0.0006730510364985962,0.17046614494726098,0.993103448275862
Internal test set,0.0006730510364985962,0.1714869003062266,0.9929824561403509
Internal test set,0.0006730510364985962,0.17420891459680163,0.9929775280898876
Internal test set,0.0007115110957270875,0.1779516842463423,0.9928425357873211
Internal test set,0.0007115110957270875,0.17897243960530793,0.9926470588235294
Internal test set,0.0007115110957270875,0.18169445389588296,0.9925373134328358
Internal test set,0.0007115110957270875,0.18475671997277987,0.9921671018276762
Internal test set,0.0007115110957270875,0.18611772711806737,0.9921568627450981
Internal test set,0.0007115110957270875,0.18679823069071114,0.9916666666666667
Internal test set,0.0007115110957270875,0.187138482477033,0.9903846153846154
Internal test set,0.0007115110957270875,0.18781898604967676,0.9899497487437185
Internal test set,0.0007499711549555786,0.1888397414086424,0.9897084048027445
Internal test set,0.0007499711549555786,0.18986049676760802,0.9895833333333334
Internal test set,0.0007692011845698242,0.1902007485539299,0.9894736842105263
Internal test set,0.0008076612437983154,0.19326301463082682,0.989247311827957
Internal test set,0.0008461213030268067,0.1966655324940456,0.98914223669924
Internal test set,0.0008653513326410523,0.19768628785301123,0.9887323943661972
Internal test set,0.0008653513326410523,0.19802653963933312,0.9885057471264368
Internal test set,0.0008845813622552979,0.19802653963933312,0.9883720930232558
Internal test set,0.0008845813622552979,0.198366791425655,0.9882352941176471
Internal test set,0.000980731510326526,0.20176930928887377,0.9879518072289156
Internal test set,0.000980731510326526,0.20210956107519565,0.9877300613496932
Internal test set,0.000980731510326526,0.20381082000680503,0.9876543209876543
Internal test set,0.000980731510326526,0.20415107179312691,0.9875518672199171
Internal test set,0.000980731510326526,0.20517182715209256,0.9875
Internal test set,0.0009999615399407715,0.2058523307247363,0.9868421052631579
Internal test set,0.0009999615399407715,0.20687308608370195,0.9861111111111112
Internal test set,0.0010576516287835083,0.20721333787002383,0.9854014598540146
Internal test set,0.0010576516287835083,0.20755358965634568,0.9850746268656716
Internal test set,0.0010576516287835083,0.20857434501531133,0.9849624060150376
Internal test set,0.0011345717472404909,0.20993535216059883,0.9845360824742269
Internal test set,0.0011345717472404909,0.21027560394692071,0.984375
Internal test set,0.0012114918656974732,0.21640013610071454,0.9841463414634146
Internal test set,0.0012114918656974732,0.21742089145968016,0.984
Internal test set,0.002288373524095227,0.29431779516842466,0.9833397165836845
Internal test set,0.0023845236721664552,0.2980605648179653,0.9829290206648698
Internal test set,0.0024614437906234376,0.30928887376658726,0.9827650805545148
Internal test set,0.0026537440867658935,0.3269819666553249,0.9825918762088974
Internal test set,0.0026729741163801393,0.3276624702279687,0.9825581395348837
Internal test set,0.0026922041459943847,0.3280027220142906,0.9819277108433735
Internal test set,0.0028075843236798586,0.33480775774072813,0.9816993464052287
Internal test set,0.002826814353294104,0.3368492684586594,0.9813559322033898
Internal test set,0.0032498750048075074,0.36066689350119085,0.9809004092769441
Internal test set,0.0048267374331756475,0.4375637972099354,0.9805670244976603
Internal test set,0.0048267374331756475,0.43790404899625723,0.9803921568627451
Internal test set,0.004845967462789893,0.43790404899625723,0.9801980198019802
Internal test set,0.004980577670089612,0.4464103436543042,0.9790769230769231
Internal test set,0.0049998076997038576,0.4470908472269479,0.9777777777777777
Internal test set,0.0049998076997038576,0.44879210615855736,0.9776119402985075
Internal test set,0.0050574977885465945,0.45015311330384483,0.9774436090225563
Internal test set,0.0050574977885465945,0.45151412044913236,0.9759036144578314
Internal test set,0.0051151878773893315,0.4528751275944199,0.975609756097561
Internal test set,0.00524979808468905,0.4555971418849949,0.9753086419753086
Internal test set,0.00524979808468905,0.45593739367131675,0.975
Internal test set,0.005942079150801892,0.4746512419190201,0.9747505599674201
Internal test set,0.0060189992692588744,0.4756719972779857,0.9732620320855615
Internal test set,0.006095919387715857,0.4773732562095951,0.9710391822827938
Internal test set,0.006115149417330103,0.4794147669275264,0.9707317073170731
Internal test set,0.006134379446944348,0.48077577407281386,0.9705159705159705
Internal test set,0.006134379446944348,0.48281728479074515,0.9696969696969697
Internal test set,0.006153609476558594,0.48485879550867644,0.9694915254237289
Internal test set,0.007384331371870312,0.5205852330724736,0.9690879023025061
Internal test set,0.00761509172724126,0.5236474991493706,0.9660194174757282
Internal test set,0.00761509172724126,0.5294317795168425,0.9614285714285714
Internal test set,0.007749701934540979,0.5318135420210957,0.9577464788732394
Internal test set,0.0080958424675974,0.5386185777475332,0.9563135846798324
Internal test set,0.008115072497211646,0.5406600884654644,0.9545454545454546
Internal test set,0.008153532556440137,0.5410003402517863,0.9530201342281879
Internal test set,0.008153532556440137,0.54168084382443,0.9512195121951219
Internal test set,0.008153532556440137,0.5427015991833957,0.9473684210526315
Internal test set,0.008307372793354102,0.5440626063286832,0.9454545454545454
Internal test set,0.010711126495134803,0.5818305546104117,0.9453907164217917
Internal test set,0.010922656820891503,0.5835318135420211,0.9442970822281167
Internal test set,0.011153417176262451,0.586594079618918,0.9304123711340206
Internal test set,0.013941771470328065,0.6243620279006464,0.9207685921005812
Internal test set,0.014076381677627784,0.6250425314732903,0.9181286549707602
Internal test set,0.014076381677627784,0.6253827832596122,0.916058394160584
Internal test set,0.014903272951040344,0.6362708404219122,0.9149674620390456
Internal test set,0.01536479366178224,0.6410343654304185,0.9105914718019257
Internal test set,0.015691704165224415,0.6430758761483498,0.8729729729729729
Internal test set,0.015864774431752625,0.6440966315073154,0.8660714285714286
Internal test set,0.01663397561632245,0.6474991493705342,0.8601532567049809
Internal test set,0.016864735971693398,0.6481796529431779,0.8548387096774194
Internal test set,0.01724933656397831,0.650901667233753,0.8304431599229287
Internal test set,0.01732625668243529,0.6512419190200749,0.8079470198675497
Internal test set,0.021518403138340834,0.66485199047295,0.7700772652774526
Internal test set,0.022652974885581323,0.667574004763525,0.7695800227014756
Internal test set,0.022652974885581323,0.6679142565498469,0.75
Internal test set,0.03319103111418792,0.6995576726777816,0.7447361902402775
Internal test set,0.04067151263412946,0.715209254848588,0.6998727504090165
Internal test set,0.044132917964693666,0.7230350459339911,0.6951272100043122
Internal test set,0.04563286027460482,0.7274583191561755,0.6888080072793449
Internal test set,0.046421291488788895,0.7301803334467506,0.6766743648960739
Internal test set,0.04682512211068805,0.7325620959510037,0.6701388888888888
Internal test set,0.046844352140302296,0.7325620959510037,0.6666666666666666
Internal test set,0.055517095496327065,0.7448111602585914,0.6589705570853632
Internal test set,0.05861313026422061,0.7533174549166383,0.6371905002526529
Internal test set,0.06018999269258875,0.7550187138482477,0.5436320754716981
Internal test set,0.07822776047075113,0.7781558353181354,0.5215656943405634
Internal test set,0.07980462289911927,0.7801973460360667,0.5146103896103896
Internal test set,0.07982385292873351,0.784960871044573,0.5
Internal test set,0.08638129302719126,0.7921061585573325,0.49960815047021945
Internal test set,0.09809238106226684,0.8084382443007826,0.4956297179181565
Internal test set,0.10016922426060536,0.8125212657366451,0.4892422825070159
Internal test set,0.10139994615591708,0.8135420210956108,0.4844827586206897
Internal test set,0.11766855120956886,0.8285130996937734,0.44504705694688146
Internal test set,0.14278296988577363,0.8376998979244641,0.39088485464009143
Internal test set,0.16047459713087958,0.843484178291936,0.31683168316831684
Internal test set,0.16903196030921888,0.8475671997277986,0.31557528671846097
Internal test set,0.2017999307718934,0.8594760122490643,0.24590888987173817
Internal test set,0.5473443329102727,0.9271861177271181,0.17768147345612134
Internal test set,0.5903619091573401,0.9370534195304525,0.17330210772833723
Internal test set,1.0,0.9996597482136781,0.12565552277941658
Internal test set,1.0,1.0,0.0
Temporal validation set,0.0,0.0,inf
Temporal validation set,0.0017802741640314023,0.05995559562936893,1.0
Temporal validation set,0.0020409345398529804,0.06872982170384806,0.9989583333333333
Temporal validation set,0.002139134716160762,0.07254491337269615,0.9988913525498891
Temporal validation set,0.0022454805292129684,0.07476513190424944,0.9986996098829649
Temporal validation set,0.0023794310001212793,0.078832300786287,0.9986522911051213
Temporal validation set,0.0026971108331538276,0.08705874368595057,0.9984520123839009
Temporal validation set,0.002762275927109222,0.08853242585536585,0.9983552631578947
Temporal validation set,0.0035564755096905926,0.10839804931018102,0.9979892761394102
Temporal validation set,0.0036940462635964254,0.11269305721183212,0.9978448275862069
Temporal validation set,0.00430813676705108,0.12789525222264236,0.9973498233215548
Temporal validation set,0.004462451329820452,0.13203028804669245,0.9972826086956522
Temporal validation set,0.004833982872441139,0.14031005497222304,0.9969558599695586
Temporal validation set,0.004846653862932465,0.14067847551457685,0.9967845659163987
Temporal validation set,0.004908651209265028,0.1426950932200925,0.9966777408637874
Temporal validation set,0.00517609961570696,0.14930242478888534,0.9963235294117647
Temporal validation set,0.005335392067597924,0.15303025896086017,0.9962546816479401
Temporal validation set,0.005609175969285519,0.16021930717547483,0.9961089494163424
Temporal validation set,0.005614153858407112,0.1603017170336329,0.996031746031746
Temporal validation set,0.005672078386367462,0.16216805793897793,0.9959595959595959
Temporal validation set,0.005816889706268339,0.16877054186905557,0.9959266802443992
Temporal validation set,0.00581915238314179,0.16880447534006185,0.9958847736625515
Temporal validation set,0.005823225201514002,0.16904200963710578,0.9958592132505176
Temporal validation set,0.005877981981851521,0.17154339121413958,0.9957356076759062
Temporal validation set,0.00593183369143966,0.17299283518997896,0.9954954954954955
Temporal validation set,0.005954912995548862,0.17348244670021232,0.9953917050691244
Temporal validation set,0.006159911520283541,0.1780537700086288,0.9952550415183867
Temporal validation set,0.0061811806828939815,0.17877122053847572,0.9947643979057592
Temporal validation set,0.006203354916253803,0.1795953191200566,0.9945652173913043
Temporal validation set,0.006207880270000706,0.17967288133949952,0.994475138121547
Temporal validation set,0.006230507038735218,0.18027883617889726,0.9941860465116279
Temporal validation set,0.006230507038735218,0.1802933790950428,0.9941176470588236
Temporal validation set,0.006496145303678389,0.18711400676730364,0.9940968122786304
Temporal validation set,0.006635526199082982,0.190269819570887,0.9940915805022157
Temporal validation set,0.006709742000532181,0.19258214323802875,0.9939759036144579
Temporal validation set,0.006729201021643862,0.19322203154843276,0.993920972644377
Temporal validation set,0.00678260019585731,0.19474419010499985,0.9939024390243902
Temporal validation set,0.006787578084978903,0.19501565787305003,0.9938650306748467
Temporal validation set,0.006787578084978903,0.19502050551176522,0.9937888198757764
Temporal validation set,0.006838262046944209,0.19678989364280658,0.993103448275862
Temporal validation set,0.0068866833320360655,0.19797271748931095,0.9929824561403509
Temporal validation set,0.006954563638239601,0.1997518008977827,0.9929775280898876
Temporal validation set,0.006979905619222255,0.20017354546600352,0.9928425357873211
Temporal validation set,0.007003437458706147,0.20104612043473624,0.9926470588235294
Temporal validation set,0.00706633987578809,0.20249071677186042,0.9925373134328358
Temporal validation set,0.007097112281267027,0.2033293582695869,0.9921671018276762
Temporal validation set,0.007126074545247202,0.20394985602513016,0.9921568627450981
Temporal validation set,0.0071305998989941045,0.20409528518658562,0.9916666666666667
Temporal validation set,0.007138293000363839,0.20467700183240745,0.9906542056074766
Temporal validation set,0.00714100821261198,0.20467700183240745,0.9903846153846154
Temporal validation set,0.007153679203103306,0.20501148890375498,0.9899497487437185
Temporal validation set,0.007267265582150557,0.2074353082613459,0.9897084048027445
Temporal validation set,0.007274506148145601,0.207677690197105,0.9895833333333334
Temporal validation set,0.007281746714140645,0.20806550129431953,0.9894736842105263
Temporal validation set,0.007641964872394075,0.22023307446942594,0.989247311827957
Temporal validation set,0.007703509683351948,0.22254539813656768,0.98914223669924
Temporal validation set,0.007707129966349469,0.22257448396885876,0.9887323943661972
Temporal validation set,0.007717990815342035,0.2228895804853456,0.9885057471264368
Temporal validation set,0.007718443350716726,0.2228895804853456,0.9883720930232558
Temporal validation set,0.007721158562964867,0.22309802895009842,0.9882352941176471
Temporal validation set,0.007749215756195662,0.22442143431934305,0.9879518072289156
Temporal validation set,0.007757361392940086,0.2248383312488487,0.9877300613496932
Temporal validation set,0.007767769706557961,0.22533279039779724,0.9876543209876543
Temporal validation set,0.007789491404543093,0.22535702859137313,0.9875518672199171
Temporal validation set,0.007800804788910349,0.22590965940490387,0.9875
Temporal validation set,0.007810760567153534,0.2263071657795488,0.9868421052631579
Temporal validation set,0.007811213102528225,0.2263265563344095,0.9866666666666667
Temporal validation set,0.007815285920900437,0.2264380520248587,0.9861111111111112
Temporal validation set,0.007815285920900437,0.22644289966357387,0.9855072463768116
Temporal validation set,0.007816643527024507,0.22645259494100423,0.9854014598540146
Temporal validation set,0.00781845366852327,0.22646713785714978,0.9850746268656716
Temporal validation set,0.007831124659014595,0.22666104340575705,0.9849624060150376
Temporal validation set,0.007831577194389285,0.22666104340575705,0.9848484848484849
Temporal validation set,0.007843343114131231,0.22706824505783232,0.9845360824742269
Temporal validation set,0.007856466639997249,0.22772267628438186,0.984375
Temporal validation set,0.007908508208086626,0.22956962663486616,0.9841463414634146
Temporal validation set,0.007910318349585388,0.22956962663486616,0.9841269841269841
Temporal validation set,0.007910770884960077,0.22957447427358132,0.984
Temporal validation set,0.015157672375249573,0.3274919286815392,0.9833397165836845
Temporal validation set,0.015195685346723553,0.3288686580766509,0.9829290206648698
Temporal validation set,0.015726509341235203,0.33754108373811115,0.9827650805545148
Temporal validation set,0.016477265527846313,0.35403759828587494,0.9825918762088974
Temporal validation set,0.016503512579578345,0.35483745867387995,0.9825581395348837
Temporal validation set,0.01651120568094808,0.35503621186120243,0.9819277108433735
Temporal validation set,0.01664198840423356,0.3579447950903115,0.9816993464052287
Temporal validation set,0.01668543180020382,0.3590985331045248,0.9813559322033898
Temporal validation set,0.017600458327827487,0.37896415655933996,0.9809004092769441
Temporal validation set,0.025564175851626323,0.47965446031238185,0.9805670244976603
Temporal validation set,0.0255650809223757,0.4797417178092551,0.9803921568627451
Temporal validation set,0.02556598599312508,0.4797417178092551,0.9801980198019802
Temporal validation set,0.025571416417621364,0.47975141308668545,0.9791666666666666
Temporal validation set,0.026097715058386112,0.4886807636000504,0.9790769230769231
Temporal validation set,0.026101787876758327,0.48893768845195507,0.9777777777777777
Temporal validation set,0.026103598018257086,0.4889813172003917,0.9776119402985075
Temporal validation set,0.0261262247869916,0.48950970982034653,0.9774436090225563
Temporal validation set,0.026215826791180268,0.49252009346247444,0.9759036144578314
Temporal validation set,0.0262280452462969,0.4925540269334807,0.975609756097561
Temporal validation set,0.026289137521880085,0.4947693978263188,0.9753086419753086
Temporal validation set,0.026289590057254775,0.49477424546503396,0.975
Temporal validation set,0.026690536399230327,0.5017936263246173,0.9747505599674201
Temporal validation set,0.026691441469979708,0.5017936263246173,0.9736842105263158
Temporal validation set,0.02669325161147847,0.5018081692407628,0.9732620320855615
Temporal validation set,0.02671316316796484,0.502292933112281,0.9710391822827938
Temporal validation set,0.026739410219696873,0.5027437635127929,0.9707317073170731
Temporal validation set,0.02678828404016342,0.5040138448561705,0.9705159705159705
Temporal validation set,0.02681045827352324,0.5047216001085871,0.9696969696969697
Temporal validation set,0.026814531091895452,0.5047312953860175,0.9694915254237289
Temporal validation set,0.027287883093821443,0.5129480430082507,0.9690879023025061
Temporal validation set,0.027330421419042326,0.5148483173846019,0.9660194174757282
Temporal validation set,0.02735123804627808,0.5155318344434426,0.9614285714285714
Temporal validation set,0.027485188517186388,0.5194244883317336,0.9577464788732394
Temporal validation set,0.02761732884659594,0.5243399939889279,0.9563135846798324
Temporal validation set,0.02767751605142974,0.5266377747399242,0.9545454545454546
Temporal validation set,0.027682493940551334,0.5266523176560697,0.9530201342281879
Temporal validation set,0.027683851546675405,0.5267492704303733,0.9523809523809523
Temporal validation set,0.02769697507254142,0.5267735086239492,0.9512195121951219
Temporal validation set,0.027700142820164253,0.5267783562626644,0.9473684210526315
Temporal validation set,0.027718244235151863,0.5273212917987649,0.9454545454545454
Temporal validation set,0.02850882353473571,0.5402887253618762,0.9453907164217917
Temporal validation set,0.02858122919468615,0.5422568666802401,0.9442970822281167
Temporal validation set,0.0285834918715596,0.5422762572351008,0.9304123711340206
Temporal validation set,0.02939624540450327,0.5535276266930378,0.9207685921005812
Temporal validation set,0.029422944991609995,0.5541384291711507,0.9181286549707602
Temporal validation set,0.02942973302223035,0.5541384291711507,0.916058394160584
Temporal validation set,0.029499876005307336,0.5566592013030452,0.9149674620390456
Temporal validation set,0.029633373940840955,0.559475679396566,0.9105914718019257
Temporal validation set,0.02965509563882609,0.5594950699514266,0.8729729729729729
Temporal validation set,0.02966052606332237,0.5594999175901418,0.8660714285714286
Temporal validation set,0.029665503952443963,0.5595338510611482,0.8601532567049809
Temporal validation set,0.02969944410554573,0.5606681985205006,0.8548387096774194
Temporal validation set,0.029715735379034578,0.5607360654625132,0.8304431599229287
Temporal validation set,0.02971845059128272,0.5607409131012284,0.8079470198675497
Temporal validation set,0.031444873045725984,0.5817360363766809,0.7700772652774526
Temporal validation set,0.031516826170301736,0.583364842984982,0.7695800227014756
Temporal validation set,0.031524519271671464,0.5837671969983421,0.75
Temporal validation set,0.03245809974965743,0.5936806181708889,0.7447361902402775
Temporal validation set,0.03265223742539954,0.5945095643911851,0.6998727504090165
Temporal validation set,0.0339618747997531,0.606395974520811,0.6951272100043122
Temporal validation set,0.03411799950402123,0.6087131458266678,0.6888080072793449
Temporal validation set,0.03412252485776813,0.608717993465383,0.6766743648960739
Temporal validation set,0.03413610091900884,0.6087373840202437,0.6701388888888888
Temporal validation set,0.034139268666631674,0.6088440320719778,0.6666666666666666
Temporal validation set,0.03493573092608649,0.61517020059529,0.6589705570853632
Temporal validation set,0.03498867756492525,0.615330172672891,0.6371905002526529
Temporal validation set,0.035204989474027185,0.6173952667655584,0.5436320754716981
Temporal validation set,0.03724773415537892,0.6265912374082584,0.5215656943405634
Temporal validation set,0.03726674064111592,0.6266154756018344,0.5146103896103896
Temporal validation set,0.037305206147964586,0.6280067479130915,0.5
Temporal validation set,0.03749255579308634,0.6284091019264516,0.49960815047021945
Temporal validation set,0.03759528132314103,0.6285205976169008,0.4956297179181565
Temporal validation set,0.037640082325235365,0.6285884645589134,0.4892422825070159
Temporal validation set,0.03765637359872421,0.6286127027524893,0.4844827586206897
Temporal validation set,0.03984392959997683,0.6366500877422607,0.44504705694688146
Temporal validation set,0.03984754988297435,0.6368682314844439,0.4
Temporal validation set,0.04011092547104407,0.6370136606458994,0.39088485464009143
Temporal validation set,0.04036977570536689,0.6371009181427727,0.31683168316831684
Temporal validation set,0.040472048700046885,0.6371590898073548,0.31557528671846097
Temporal validation set,0.08780860649877001,0.6619935429452314,0.24590888987173817
Temporal validation set,0.4798255204609344,0.8340847173341865,0.17768147345612134
Temporal validation set,0.5338930894228002,0.8543478471636465,0.17330210772833723
Temporal validation set,0.9999936645047544,0.9998254850062535,0.12565552277941658
Temporal validation set,1.0,1.0,0.0
